Ticker,PEG Ratio (1Y),ROIC (%),Name
MP,0.02,-3.46,MP Materials Corp.
USAR,-4.56,-219.92,"USA Rare Earth, Inc."
UUUU,-0.08,-7.76,Energy Fuels Inc
ALB,-4.11,-2.43,Albemarle Corporation
SQM,-1.4,8.77,Sociedad Quimica y Minera S.A.
HXL,0.88,6.44,Hexcel Corporation
MMM,1.8,32.57,3M Company
DD,1.69,2.33,"DuPont de Nemours, Inc."
BAS.DE,-11.74,4.01,BASF SE                       N
1COV.F,0.07,-3.0,Covestro AG                   I
EVK.DE,-0.86,3.66,Evonik Industries AG          N
MT,0.13,6.02,Arcelor Mittal NY Registry Shar
NVDA,0.21,76.26,NVIDIA Corporation
GOOGL,0.82,29.91,Alphabet Inc.
META,1.66,23.1,"Meta Platforms, Inc."
U,0.52,-8.58,Unity Software Inc.
GOOGL,0.82,29.91,Alphabet Inc.
QCOM,-6.27,34.52,QUALCOMM Incorporated
AMD,0.37,5.5,"Advanced Micro Devices, Inc."
INTC,1.58,1.43,Intel Corporation
AMBA,1.56,-11.87,"Ambarella, Inc."
LSCC,0.76,1.47,Lattice Semiconductor Corporati
CEVA,0.93,-2.87,"CEVA, Inc."
NXPI,0.64,12.97,NXP Semiconductors N.V.
STM,0.23,2.18,STMicroelectronics N.V.
IFX.DE,0.33,5.09,INFINEON TECHNOLOGIES AG      N
TXN,1.03,20.22,Texas Instruments Incorporated
MPWR,1.43,24.1,"Monolithic Power Systems, Inc."
300750.SZ,0.51,64.2,CATL
002594.SZ,0.37,12.39,BYD
300014.SZ,0.25,7.47,EVE
NVTS,5.82,-42.07,Navitas Semiconductor Corporati
WOLF,0.21,,"Wolfspeed, Inc."
ADI,0.9,6.34,"Analog Devices, Inc."
HSAI,-0.23,5.47,Hesai Group
OUST,5.17,-28.56,"Ouster, Inc."
NOVT,1.78,7.3,Novanta Inc.
ALGM,0.56,0.65,"Allegro MicroSystems, Inc."
VPG,0.18,2.22,"Vishay Precision Group, Inc."
CGNX,1.5,7.8,Cognex Corporation
688322.SS,3.06,3.68,ORBBEC INC
603501.SS,0.31,17.09,OMNIVISION INTEGRATED CIRCUITS 
688017.SS,4.77,4.63,LEADER HARMONIOUS DRIVE SYSTEMS
601100.SS,1.01,32.41,JIANGSU HENGLI HYDRAULIC CO LTD
RRX,0.53,4.96,Regal Rexnord Corporation
ALNT,1.58,6.94,Allient Inc.
RBC,2.3,7.6,RBC Bearings Incorporated
AME,1.76,12.36,"AMETEK, Inc."
RRX,0.53,4.96,Regal Rexnord Corporation
002050.SZ,1.84,20.21,SANHUA
601689.SS,1.2,12.14,NINGBO TUOPU GROUP CO LTD
003021.SZ,0.94,7.45,ZHAOWEI
300124.SZ,0.67,16.55,INOVANCE
TSLA,7.0,5.1,"Tesla, Inc."
688836.SS,2.11,22.95,YUSHU TECHNOLOGY CO LTD
XPEV,-0.51,-1.79,XPeng Inc.
SIE.DE,1.73,9.25,SIEMENS AG                    N
ABBN.SW,-3.88,22.96,ABB LTD N
000333.SZ,1.64,22.57,MIDEA GROUP
ROK,2.32,12.83,"Rockwell Automation, Inc."
JBL,0.58,25.96,Jabil Inc.
AMZN,0.82,16.77,"Amazon.com, Inc."
BMW.DE,0.19,4.76,BAYERISCHE MOTOREN WERKE AG   S
MBG.DE,0.25,3.47,Mercedes-Benz Group AG        N
GXO,0.76,2.35,"GXO Logistics, Inc."
DHL.DE,1.65,9.8,DHL AG                        N
WMT,2.83,15.63,Walmart Inc.
MELI,0.66,14.58,"MercadoLibre, Inc."
PTC,1.77,15.92,PTC Inc.
NOW,1.14,15.17,"ServiceNow, Inc."
TRMB,1.09,6.97,Trimble Inc.
