ticker,layer_id
MP,['1']
USAR,['1']
LYC,['1']
UUUU,['1']
ALB,['1']
SQM,['1']
002460,['1']
3402,['2']
HXL,['2']
4188,['2']
MMM,['2']
DD,['2']
BAS,['2']
1COV,['2']
EVK,['2']
MT,['2']
NVDA,"['3', '4', '5']"
GOOGL,"['3', '4']"
META,['3']
002230,['3']
U,['4']
GOOGL,['4']
QCOM,['5']
AMD,['5']
INTC,['5']
AMBA,['5']
LSCC,['5']
CEVA,['5']
NXPI,['5']
STM,['5']
IFX,['5']
TXN,['5']
2454,['5']
MPWR,['5']
300750,['6']
373220,['6']
006400,['6']
6752,['6']
002594,['6']
300014,['6']
6981,['6']
6762,['6']
NVTS,['6']
WOLF,['6']
ADI,['6']
SONY,['7']
005930,['7']
HSAI,['7']
OUST,['7']
LAZR,['7']
NOVT,['7']
2498,['7']
ALGM,['7']
VPG,['7']
CGNX,['7']
688322,['7']
603501,['7']
6324,['8']
688017,['8']
6268,['8']
SHA,['8']
6481,['8']
601100,['8']
6594,['8']
RRX,['8']
MOGA,['8']
603728,['8']
002979,['8']
688698,['8']
ALNT,['8']
RBC,['8']
AME,['8']
RRX,['8']
002050,['9']
601689,['9']
003021,['9']
300124,['9']
TSLA,['10']
005380,['10']
688836,['10']
9880,['10']
1810,['10']
XPEV,['10']
SIE,['11']
ABBN,"['11', '13']"
000333,['11']
6954,"['11', '13']"
6506,['11']
2317,"['11', '12']"
ROK,"['11', '13']"
JBL,['11']
AMZN,['12']
BMW,['12']
MBG,['12']
005380,['12']
GXO,['12']
DHL,['12']
WMT,['12']
TM,['12']
MELI,['12']
PTC,['13']
NOW,['13']
TMV,['13']
TRMB,['13']
018260,['13']
