chain_level_nb,description,chain_level
1,"Extraction and primary processing of essential critical minerals, lithium, copper, nickel, and rare earth elements (neodymium, dysprosium) required for permanent magnets and high-density energy storage.",Upstream Mining & Raw Materials
2,"Chemical processing and advanced synthesis of lightweight structural alloys, carbon fiber composites, engineering polymers, and Titanium Powder Injection Molding (PIM) for high-strength, low-weight robot frames.",Material Refining & Advanced Structure
3,"Foundational physical artificial intelligence, multimodal embodied reasoning models, spatial understanding algorithms, and sensorimotor policy neural networks.",Robot AI & Foundation Models
4,"Physics-based digital twin environments, synthetic training data generation pipelines, physical AI safety frameworks, and middleware operating systems.","Simulation, Training & Robot OS"
5,"On-board processing silicon, edge AI acceleration chips, real-time deterministic microcontrollers, power management ICs, and sensor fusion FPGAs.",Compute & Edge AI Chips
6,"High energy-density battery cells, intelligent battery management systems (BMS), GaN/SiC power stages, and liquid/air thermal management systems.","Power, Energy & Thermal Systems"
7,"Environmental spatial sensing arrays (LiDAR, stereo cameras) combined with closed-loop physical contact feedback mechanisms (6-axis force/torque, joint strain gauges, magnetic encoders, tactile skins).",Sensors & Perception Systems
8,"Primary mechatronic movement stack consisting of coreless/frameless brushless torque motors, strain-wave harmonic gears, planetary roller screws, and precision joint speed reducers.","Actuators, Joints & Motion Control"
9,"Subsystem contract assembly integrating motors, gearboxes, sensors, and drivers into turnkey joint modules, alongside miniaturized multi-joint robotic hand mechanisms.",Actuator Assembly & Dexterous Hands
10,"Prime Original Equipment Manufacturers that architect, design, assemble, and commercialize completed general-purpose or specialized robotic platforms.",Humanoid OEMs & System Builders
11,"Tier-1 engineering integrators that embed, program, and connect autonomous physical robots into factory lines, warehouse distribution centers, and commercial workflows.",System Integrators & Industrial Automation
12,"Enterprise commercial customers deploying robotic fleets within real-world operational environments to perform manufacturing, logistics, and hazardous tasks.",Deployment & End-User Enterprises
13,"Ongoing operational infrastructure providing predictive maintenance, spare parts fulfillment, hardware repairs, enterprise software integration, RaaS leasing, and insurance.","Aftermarket, Services & Lifecycle Management"
