ticker,layer
000333,Layer 11
002050,Layer 9
002230,Layer 3
002460,Layer 1
002594,Layer 6
002979,Layer 8
003021,Layer 9
005380,"Layer 10, Layer 12"
005930,Layer 7
006400,Layer 6
018260,Layer 13
1810,Layer 10
1COV,Layer 2
2317,"Layer 11, Layer 12"
2454,Layer 5
2498,Layer 7
300014,Layer 6
300124,Layer 9
300750,Layer 6
3402,Layer 2
373220,Layer 6
4188,Layer 2
601100,Layer 8
601689,Layer 9
603501,Layer 7
603728,Layer 8
6268,Layer 8
6324,Layer 8
6481,Layer 8
6506,Layer 11
6594,Layer 8
6752,Layer 6
6762,Layer 6
688017,Layer 8
688322,Layer 7
688698,Layer 8
688836,Layer 10
6954,"Layer 11, Layer 13"
6981,Layer 6
9880,Layer 10
ABBN,"Layer 11, Layer 13"
ADI,Layer 6
ALB,Layer 1
ALGM,Layer 7
ALNT,Layer 8
AMBA,Layer 5
AMD,Layer 5
AME,Layer 8
AMZN,Layer 12
BAS,Layer 2
BMW,Layer 12
CEVA,Layer 5
CGNX,Layer 7
DD,Layer 2
DHL,Layer 12
EVK,Layer 2
GOOGL,"Layer 3, Layer 4"
GXO,Layer 12
HSAI,Layer 7
HXL,Layer 2
IFX,Layer 5
INTC,Layer 5
JBL,Layer 11
LAZR,Layer 7
LSCC,Layer 5
LYC,Layer 1
MBG,Layer 12
MELI,Layer 12
META,Layer 3
MMM,Layer 2
MOGA,Layer 8
MP,Layer 1
MPWR,Layer 5
MT,Layer 2
NOVT,Layer 7
NOW,Layer 13
NVDA,"Layer 3, Layer 4, Layer 5"
NVTS,Layer 6
NXPI,Layer 5
OUST,Layer 7
PTC,Layer 13
QCOM,Layer 5
RBC,Layer 8
ROK,"Layer 11, Layer 13"
RRX,Layer 8
SHA,Layer 8
SIE,Layer 11
SONY,Layer 7
SQM,Layer 1
STM,Layer 5
TM,Layer 12
TMV,Layer 13
TRMB,Layer 13
TSLA,Layer 10
TXN,Layer 5
U,Layer 4
USAR,Layer 1
UUUU,Layer 1
VPG,Layer 7
WMT,Layer 12
WOLF,Layer 6
XPEV,Layer 10
